1935,Hunterwali,Nadia
1937,Duniya Na Maane,Shanta Apte
1945,Humrahi,Devbala
1948,Kismat,Biswajeet
1948,Chandralekha,Ranjan
1948,Majboor,Munawwar Sultana
1949,Mahal,Ashok Kumar
1949,Andaaz,Dilip Kumar
1950,Sangram,Ashok Kumar
1951,Awaara,Raj Kapoor
1952,Aan,Dilip Kumar
1953,Do Bigha Zameen,Guru Dutt
1953,Parineeta,Meena Kumari
1955,Devdas,Dilip Kumar
1955,Shree 420,Raj Kapoor
1955,Mr. & Mrs 55,Guru Dutt
1957,Mother India,Nargis
1957,Jaagte Raho,Raj Kapoor
1957,Do Aankhein Barah Haath,Sanjeev Kumar
1957,Pyaasa,Guru Dutt
1958,Chalti Ka Naam Gaadi,Kishore Kumar
1959,Dhool Ka Phool,Rajender Kumar
1959,Sujata,Nutan
1959,Navrang,Sandhya Shantaram
1960,Mughal-e-Aazam,Dilip Kumar
1961,Junglee,Shammi Kapoor
1961,Ganga Jamuna,Dilip Kumar
1962,Saheb Bibi Aur Ghulam,Guru Dutt
1962,Half-Ticket,Kishore Kumar
1963,Tere Ghar Ke Saamne,Dev Anand
1963,Bandini,Nutan
1964,Haqeeqat,Dharmendra
1964,Kashmir Ki Kali,Shammi Kapoor
1965,Waqt,Balraj Sahni
1965,Guide,Dev Anand
1965,Shaheed,Manoj Kumar
1967,Upkaar,Manoj Kumar
1967,Ram Aur Shyam,Dilip Kumar
1968,Padosan,Sunil Dutt
1969,Khamoshi,Rajesh Khanna
1969,Aradhana,Sanjeev Kumar
1969,Satyakarm,Dharmendra
1970,Kati Patang,Asha Parekh
1970,Purab Aur Pashchim,Manoj Kumar
1970,Mera Naam Joker,Raj Kapoor
1971,Anubhav,Sanjeev Kumar
1971,Amar Prem,Rajesh Khanna
1971,Mera Gaon Mera Desh,Dharmendra
1971,Anand,Rajesh Khanna
1972,Pakeezah,Ashok Kumar
1973,Bobby,Rishi Kapoor
1973,Haste Zakham,Balraj Sahni
1973,Janzeer,Amitabh Bacchan
1974,Ankur,Naseeruddin Shah
1975,Sholay,Amitabh Bacchan
1975,Deewar,Amitabh Bacchan
1975,Julie,Lakshmi Yaragudipati
1975,Mili,Amitabh Bacchan
1975,Nishant,Naseeruddin Shah
1975,Jai Santoshi Maa,Rajni Bala
1976,Kalicharan,Amitabh Bacchan
1976,Aandhi,Sanjeev Kumar
1976,Kabhi Kabhi,Amitabh Bacchan
1976,Manthan,Girish Karnad
1977,Shatranj Ke Khilari,Amjad Khan
1977,Amar Akbar Anthony,Amitabh Bacchan
1977,Bhumika,Smita Patil
1978,Satyam Shivam Sudaram,Shashi Kapoor
1978,Vishwanath,Satruhan Sinha
1978,Don,Amitabh Bacchan
1979,Kala Patthar,Amitabh Bacchan
1979,Golmaal,Amol Paleker
1980,Aakrosh,Nasiruddin Shah
1981,Silsila,Amitabh Bacchan
1981,Ek Duje Ke Liye,Kamal Hasan
1981,Sadgati,Sharmila Tagore
1981,Subah,XXXXXXXXXX
1981,Kranti,Dilip Kumar
1981,Umrao Jaan,Rekha
1981,Love Story,Kumar Gaurav
1982,Gandhi,Ben Kingsley
1982,Namak Halal,Amitabh Bacchan
1982,Arth,Raj Kiran
1983,Sautan,Zeenat Aman
1983,Mandi,Smita Patil
1983,Jaane Bhi Do Yaaron,Nasiruddin Shah
1983,Masoom,Nasiruddin Shah
1985,Ram Teri Ganga Maili,Mandakini
1987,Ijaazat,Sanjeev Kumar
1988,Shahanshah,Amitabh Bacchan
1988,Salaam Bombay,Nana Pateker
1988,Qayamat Se Qayamat Tak,Amir Khan
1989,Maine Pyaar Kiya,Salman Khan
1989,Parinda,Nana Pateker
1989,Tejab,Anil Kapoor
1990,Dil,Amir Khan
1991,Drishti,Shekher Kapoor
1991,Lamhe,Anil Kapoor
1992,Roja,Madhu
1993,Damini,Rishi Kapoor
1994,1942 A Love Story,Anil Kapoor
1994,Hum Aapke Hain Kaun,Salman Khan
1995,Rangeela,Amir Khan
1995,Dilwale Dulhania Le Jayenge,Shahrukh Khan
1995,Bombay,Manisha Koirala
1996,Raja Hindustani,Amir Khan
1997,Mrityudand,Anil Kapoor
1997,Border,Sunny Deol
1998,Satya,Urmila Matodker
1998,Pyaar To Hona Hi Tha,Ajay Devgan
1998,Kuch Kuch Hota Hai,Shahrukh Khan
1999,Hum Dil De Chuke Sanam,Salman Khan
2000,Astitva,Tabbu
2000,Kaho Na Pyaar Hai,Hritik Roshan
2001,Gadar,Sunny Deol
2001,Lagaan,Amir Khan
2001,Dil Chahta Hai,Amir Khan
2001,Kabhi Khushi Kabhie Gham,Shahrukh Khan
2002,Devdas,Shahrukh Khan
2003,Munna Bhai MBBS,Sanjay Dutt
2003,Koi Mil Gaya,Hritik Roshan
2003,Kal Ho Na Ho,Shahrukh Khan
2003,Hungama,Akshay Khanna
2004,Baaghbaan,Amitabh Bacchan
2004,Yuva,Ajay Devgan
2004,Swades,Shahrukh Khan
2004,Maqbool,Madhru Dixit
2004,Dhoom,John Abraham
2004,Hum Tum,Saif Ali Khan
2004,Veer Zaara,Shahrukh Khan
2005,Hazaaron Khwaishein Aisi,Kay Kay Menon
2005,Black,Amitabh Bacchan
2006,Rang De Basanti,Amir Khan
2006,Lage Raho Munna Bhai,Sanjay Dutt
2006,Faana,Amir Khan
2006,Krish,Hritik Roshan
2006,Don: The Chase Begins Again,Shahrukh Khan
2007,Guru,Abhishek Bacchan
2007,Jab We Met,Shahid Kapoor
2007,Om Shanti Om,Shahrukh Khan
2007,Chak De India,Shahrukh Khan
2007,Taare Zamee Pe,Amir Khan
2007,Namaste London,Akshay Kumar
2008,Ghajini,Amir Khan
2008,Rab Ne Bana Di Jodi,Shahrukh Khan
2008,Singh is King,Akshay Kumar
2008,Jodha Akbar,Hritik Roshan
2009,3 Idiots,Amir Khan
2009,Love Aaj Kal,Saif Ali Khan
2009,Wanted,Salman Khan
2009,Ajab Prem Ki Ghazab Kahani,Abhay Deol
2010,Karthik Calling Karthik,Farhan Akhtar
2010,My Name Is Khan,Shahrukh Khan
2011,Zindagi Na Milegi Dobara,Farhan Akhtar
2011,Rockstar,Farhan Akhtar
2012,Ishaqzaade,Arjun Kapoor
2012,Kahaani,Vidha Balan
2012,Jab Tak Hai Jaan,Shahrukh Khan
2012,Gangs of Wasseypur,Nawazuddin Siddique
2012,Talaash,Amir Khan
1993,Darr,Shahrukh Khan
1993,Bazigar,Shahrukh Khan
1995,Karan Arjun,Shahrukh Khan
1997,Koyla,Shahrukh Khan
1997,Yes Boss,Shahrukh Khan
1997,Pardes,Shahrukh Khan
1997,Dil To Pagal Hai,Shahrukh Khan
1998,Dil Se,Shahrukh Khan
2000,Mohabbatein,Shahrukh Khan
2002,Hum Tumhare Hain Sanam,Shahrukh Khan
2003,Chalte Chalte,Shahrukh Khan
2003,Kal Ho Naa Ho,Shahrukh Khan
2011,Don 2,Shahrukh Khan
2013,Chennai Express,Shahrukh Khan
2014,Happy New Year,Shahrukh Khan
2013,Bhag Milkha Bhag,Farhan Akhtar
1992,Deewana,Shahrukh Khan
1992,Raju Ban Gaya Gentleman,Shahrukh Khan
